item,qty,spec,supplier,unit_cost_usd,make_buy,notes
1 FieldNode core,1,"Lab shared node: IP65 polycarbonate enclosure 150 x 90 x 200 mm, 6 W panel, 6 Ah LiFePO4, MPPT and protection board, STM32WL-class LoRaWAN module, two M12 5-pin ports",Built from the FieldNode BOM (FieldNode repo),126.00,make,Shared component costed in the FieldNode repo (FND-CAL-001: $126.00); excluded from the FloodGauge-specific total under R16
2 Street radar head,1,"60 GHz pulsed coherent radar module (Acconeer XM125 class, I2C), PTFE lens, 76 mm IP67 housing, M12 cable gland",Electronics distributor (module); plastics supplier (housing and lens),55.00,buy,Indicative: module about $43 plus housing and lens about $12; price and data sheet figures not verified
3 Sensor arm and pole clamps,1,"40 x 40 x 2 mm aluminium tube 805 mm, 25 x 25 x 2 mm knee brace 506 mm, head saddle, two stainless band clamps with pole brackets, M8 x 110 mm A4 anti-rotation through-bolt with nyloc nut and washers",Metal stockist and hardware store,20.00,make,"Indicative; cut and drilled with hand tools; through-bolt about $2 added under FLG-DDR-002"
4 Drain head,1,"Waterproof ultrasonic ranger (DFRobot A02YYUW: 3 to 450 cm, ±1 cm, IP67, UART), 10 kΩ NTC for air temperature, two-electrode wet probe, potting compound, sealed 104 mm cap",DFRobot or electronics distributor,22.50,buy,Sensor $15.90 list price (DFRobot product page, checked 2026-09-25); NTC $0.50; probe potting and cap about $6 indicative
5 Stilling tube,1,"75 mm OD PVC pipe 940 mm, 40 slots 5 x 50 mm in 10 rows, two stainless wall brackets, stainless anchors",Plumbing supplier,14.00,make,Indicative; slots cut with a hand saw or router
6 Sensor cables,2,"Outdoor 5-core cable with M12 5-pin plug: 3 m (street head, I2C) and 5 m (drain head)",Electronics distributor,8.00,buy,Indicative; one of each length
7 Surface cable cover and riser guard,1,"Pilot route (FLG-DDR-002): galvanized steel angle 50 x 50 x 5 mm over the gutter strip and up the curb face, beveled steel cover 120 x 12 mm across the sidewalk (about 0.76 m in all), steel riser guard 300 mm, flexible tail, stainless masonry anchors",Metal stockist and hardware store,14.00,make,"Indicative; anchors in the curb and sidewalk only. Permanent sites use the 25 mm conduit route instead (about $8 plus civil work, not in this total)"
8 Depth marker plate,1,"Aluminium plate 90 x 450 x 3 mm with amber (150 to 300 mm) and red (300 to 450 mm) reflective bands",Sign maker or self,6.00,make,Indicative
9 Alert service,1,"Open alert software on the gateway or a small server (MIT)",Self,0.00,make,Software only; the gateway (TwinKit or a city network) is not included
10 Fasteners and consumables,1,"Stainless screws, cable ties, sealant, labels",Hardware store,6.00,buy,Indicative
